"Código Receita"|"Receita"|"Jan"|"Fev"|"Mar"|"Abr"|"Mai"|"Jun"|"Jul"|"Ago"|"Set"|"Out"|"Nov"|"Dez"|"Total"|"Tp_Linha"|"Rec_Id"
"1.7.1.3.99.0.1.0001"|"Assist. Emergenc. P/ Atencao Primaria Port 2979/23"|"6258217.68"|"0.00"|"0.00"|"0.00"|"0.00"|"0.00"|"0.00"|"0.00"|"0.00"|"0.00"|"0.00"|"0.00"|"6258217.68"|"2"|"1.7.1.3.99.0.1.0001"
"1.7.1.3.50.5.1.0002"|"Assistencia Financ. P/ Pgto. Piso Enfermagem"|"227374.58"|"0.00"|"0.00"|"0.00"|"0.00"|"0.00"|"0.00"|"0.00"|"0.00"|"0.00"|"0.00"|"0.00"|"227374.58"|"2"|"1.7.1.3.50.5.1.0002"
"1.9.9.9.99.2.3.0002"|"Atualiz Monetaria da DIV Ativa Nao Trib Fumdicad"|"80.22"|"0.00"|"0.00"|"0.00"|"0.00"|"0.00"|"0.00"|"0.00"|"0.00"|"0.00"|"0.00"|"0.00"|"80.22"|"2"|"1.9.9.9.99.2.3.0002"
"1.9.9.9.99.2.3.0011"|"Atualiz Monetaria da DIV Ativa Nao Trib Fumdicad"|"0.00"|"0.00"|"0.00"|"0.00"|"0.00"|"0.00"|"0.00"|"0.00"|"0.00"|"0.00"|"0.00"|"0.00"|"0.00"|"2"|"1.9.9.9.99.2.3.0011"
"1.9.9.9.99.2.3.0991"|"Atualiz Monetaria da DIV Ativa Nao Trib Outras Rec"|"671.19"|"0.00"|"0.00"|"0.00"|"0.00"|"0.00"|"0.00"|"0.00"|"0.00"|"0.00"|"0.00"|"0.00"|"671.19"|"2"|"1.9.9.9.99.2.3.0991"
"1.1.2.1.01.0.1.0060"|"Comercio Eventual Ambulante"|"4967.50"|"0.00"|"0.00"|"0.00"|"0.00"|"0.00"|"0.00"|"0.00"|"0.00"|"0.00"|"0.00"|"0.00"|"4967.50"|"2"|"1.1.2.1.01.0.1.0060"
"1.3.3.9.99.0.1.0010"|"Concessao de Estacao Rodoviaria"|"8563.10"|"0.00"|"0.00"|"0.00"|"0.00"|"0.00"|"0.00"|"0.00"|"0.00"|"0.00"|"0.00"|"0.00"|"8563.10"|"2"|"1.3.3.9.99.0.1.0010"
"1.7.1.2.51.0.1.0001"|"Cota-parte Comp Financ Rec Minerais - Cfem"|"14056.08"|"0.00"|"0.00"|"0.00"|"0.00"|"0.00"|"0.00"|"0.00"|"0.00"|"0.00"|"0.00"|"0.00"|"14056.08"|"2"|"1.7.1.2.51.0.1.0001"
"1.7.2.1.53.0.1.0001"|"Cota-parte Contrib. Interv. no Dominio Econ. Cide"|"37589.09"|"0.00"|"0.00"|"0.00"|"0.00"|"0.00"|"0.00"|"0.00"|"0.00"|"0.00"|"0.00"|"0.00"|"37589.09"|"2"|"1.7.2.1.53.0.1.0001"
"1.7.2.1.50.0.1.0001"|"Cota-parte do Icms - Principal"|"14481099.06"|"0.00"|"0.00"|"0.00"|"0.00"|"0.00"|"0.00"|"0.00"|"0.00"|"0.00"|"0.00"|"0.00"|"14481099.06"|"2"|"1.7.2.1.50.0.1.0001"
"1.7.2.1.52.0.1.0001"|"Cota-parte do Ipi - Municipios - Principal"|"95545.89"|"0.00"|"0.00"|"0.00"|"0.00"|"0.00"|"0.00"|"0.00"|"0.00"|"0.00"|"0.00"|"0.00"|"95545.89"|"2"|"1.7.2.1.52.0.1.0001"
"1.7.2.1.51.0.1.0001"|"Cota-parte do Ipva - Principal"|"23229691.54"|"0.00"|"0.00"|"0.00"|"0.00"|"0.00"|"0.00"|"0.00"|"0.00"|"0.00"|"0.00"|"0.00"|"23229691.54"|"2"|"1.7.2.1.51.0.1.0001"
"1.7.1.1.52.0.1.0001"|"Cota-parte do Itr - Imposto Prop Rural - Principal"|"5997.15"|"0.00"|"0.00"|"0.00"|"0.00"|"0.00"|"0.00"|"0.00"|"0.00"|"0.00"|"0.00"|"0.00"|"5997.15"|"2"|"1.7.1.1.52.0.1.0001"
"1.7.1.1.51.1.1.0001"|"Cota-parte Fpm - Cota Mensal - Principal"|"11074270.21"|"0.00"|"0.00"|"0.00"|"0.00"|"0.00"|"0.00"|"0.00"|"0.00"|"0.00"|"0.00"|"0.00"|"11074270.21"|"2"|"1.7.1.1.51.1.1.0001"
"1.7.1.2.52.4.1.0001"|"Cota-parte Fundo Especial Petroleo - Fep"|"214835.47"|"0.00"|"0.00"|"0.00"|"0.00"|"0.00"|"0.00"|"0.00"|"0.00"|"0.00"|"0.00"|"0.00"|"214835.47"|"2"|"1.7.1.2.52.4.1.0001"
"9.5.1.0.00.0.0.0001"|"Deducao da Receita para Formacao do Fundeb - Fpm"|"-2214853.97"|"0.00"|"0.00"|"0.00"|"0.00"|"0.00"|"0.00"|"0.00"|"0.00"|"0.00"|"0.00"|"0.00"|"-2214853.97"|"2"|"9.5.1.0.00.0.0.0001"
"9.5.1.0.00.0.0.0004"|"Deducao da Receita para Formacao do Fundeb - Icms"|"-2896219.80"|"0.00"|"0.00"|"0.00"|"0.00"|"0.00"|"0.00"|"0.00"|"0.00"|"0.00"|"0.00"|"0.00"|"-2896219.80"|"2"|"9.5.1.0.00.0.0.0004"
"9.5.1.0.00.0.0.0006"|"Deducao da Receita para Formacao do Fundeb - Ipi"|"-19109.18"|"0.00"|"0.00"|"0.00"|"0.00"|"0.00"|"0.00"|"0.00"|"0.00"|"0.00"|"0.00"|"0.00"|"-19109.18"|"2"|"9.5.1.0.00.0.0.0006"
"9.5.1.0.00.0.0.0005"|"Deducao da Receita para Formacao do Fundeb - Ipva"|"-4645938.42"|"0.00"|"0.00"|"0.00"|"0.00"|"0.00"|"0.00"|"0.00"|"0.00"|"0.00"|"0.00"|"0.00"|"-4645938.42"|"2"|"9.5.1.0.00.0.0.0005"
"9.5.1.0.00.0.0.0002"|"Deducao da Receita para Formacao do Fundeb - Itr"|"-1199.42"|"0.00"|"0.00"|"0.00"|"0.00"|"0.00"|"0.00"|"0.00"|"0.00"|"0.00"|"0.00"|"0.00"|"-1199.42"|"2"|"9.5.1.0.00.0.0.0002"
"1.3.3.9.99.0.1.0020"|"Demais Receitas de Concessoes e Permissoes"|"39656.55"|"0.00"|"0.00"|"0.00"|"0.00"|"0.00"|"0.00"|"0.00"|"0.00"|"0.00"|"0.00"|"0.00"|"39656.55"|"2"|"1.3.3.9.99.0.1.0020"
"1.9.9.9.99.2.1.0011"|"Emolumentos e Custas Judiciais"|"338.54"|"0.00"|"0.00"|"0.00"|"0.00"|"0.00"|"0.00"|"0.00"|"0.00"|"0.00"|"0.00"|"0.00"|"338.54"|"2"|"1.9.9.9.99.2.1.0011"
"2.4.1.1.51.1.1.0001"|"Estruturacao Unid At.basica - Port.gm/ms 2769/2023"|"170365.00"|"0.00"|"0.00"|"0.00"|"0.00"|"0.00"|"0.00"|"0.00"|"0.00"|"0.00"|"0.00"|"0.00"|"170365.00"|"2"|"2.4.1.1.51.1.1.0001"
"1.1.1.2.50.0.3.0002"|"Iptu - Divida Ativa - Atualizacao Monetaria"|"545610.81"|"0.00"|"0.00"|"0.00"|"0.00"|"0.00"|"0.00"|"0.00"|"0.00"|"0.00"|"0.00"|"0.00"|"545610.81"|"2"|"1.1.1.2.50.0.3.0002"
"1.1.1.2.50.0.4.0001"|"Iptu - Divida Ativa - Multas e Juros"|"438431.86"|"0.00"|"0.00"|"0.00"|"0.00"|"0.00"|"0.00"|"0.00"|"0.00"|"0.00"|"0.00"|"0.00"|"438431.86"|"2"|"1.1.1.2.50.0.4.0001"
"1.1.1.2.50.0.3.0001"|"Iptu - Divida Ativa - Principal"|"1903371.61"|"0.00"|"0.00"|"0.00"|"0.00"|"0.00"|"0.00"|"0.00"|"0.00"|"0.00"|"0.00"|"0.00"|"1903371.61"|"2"|"1.1.1.2.50.0.3.0001"
"1.1.1.2.50.0.2.0001"|"Iptu - Multas e Juros"|"11017.26"|"0.00"|"0.00"|"0.00"|"0.00"|"0.00"|"0.00"|"0.00"|"0.00"|"0.00"|"0.00"|"0.00"|"11017.26"|"2"|"1.1.1.2.50.0.2.0001"
"1.1.1.2.50.0.1.0001"|"Iptu - Principal"|"7454650.45"|"0.00"|"0.00"|"0.00"|"0.00"|"0.00"|"0.00"|"0.00"|"0.00"|"0.00"|"0.00"|"0.00"|"7454650.45"|"2"|"1.1.1.2.50.0.1.0001"
"1.1.1.3.03.4.1.0001"|"Ir Retido na Fonte - Outros Rendimentos- Principal"|"488400.69"|"0.00"|"0.00"|"0.00"|"0.00"|"0.00"|"0.00"|"0.00"|"0.00"|"0.00"|"0.00"|"0.00"|"488400.69"|"2"|"1.1.1.3.03.4.1.0001"
"1.1.1.3.03.1.1.0001"|"Ir Retido na Fonte - Trabalho - Principal"|"908926.95"|"0.00"|"0.00"|"0.00"|"0.00"|"0.00"|"0.00"|"0.00"|"0.00"|"0.00"|"0.00"|"0.00"|"908926.95"|"2"|"1.1.1.3.03.1.1.0001"
"1.1.1.4.51.1.3.0002"|"Issqn - Divida Ativa - Atualizacao Monetaria"|"62071.30"|"0.00"|"0.00"|"0.00"|"0.00"|"0.00"|"0.00"|"0.00"|"0.00"|"0.00"|"0.00"|"0.00"|"62071.30"|"2"|"1.1.1.4.51.1.3.0002"
"1.1.1.4.51.1.4.0001"|"Issqn - Divida Ativa - Multas e Juros"|"50711.98"|"0.00"|"0.00"|"0.00"|"0.00"|"0.00"|"0.00"|"0.00"|"0.00"|"0.00"|"0.00"|"0.00"|"50711.98"|"2"|"1.1.1.4.51.1.4.0001"
"1.1.1.4.51.1.3.0001"|"Issqn - Divida Ativa - Principal"|"236272.40"|"0.00"|"0.00"|"0.00"|"0.00"|"0.00"|"0.00"|"0.00"|"0.00"|"0.00"|"0.00"|"0.00"|"236272.40"|"2"|"1.1.1.4.51.1.3.0001"
"1.1.1.4.51.1.2.0001"|"Issqn - Multas e Juros"|"78240.76"|"0.00"|"0.00"|"0.00"|"0.00"|"0.00"|"0.00"|"0.00"|"0.00"|"0.00"|"0.00"|"0.00"|"78240.76"|"2"|"1.1.1.4.51.1.2.0001"
"1.1.1.4.51.1.1.0001"|"Issqn - Principal"|"8653510.52"|"0.00"|"0.00"|"0.00"|"0.00"|"0.00"|"0.00"|"0.00"|"0.00"|"0.00"|"0.00"|"0.00"|"8653510.52"|"2"|"1.1.1.4.51.1.1.0001"
"1.1.1.2.53.0.1.0001"|"Itbi - Principal"|"2115012.34"|"0.00"|"0.00"|"0.00"|"0.00"|"0.00"|"0.00"|"0.00"|"0.00"|"0.00"|"0.00"|"0.00"|"2115012.34"|"2"|"1.1.1.2.53.0.1.0001"
"1.9.1.1.01.0.1.0030"|"Multa Dipp"|"10847.43"|"0.00"|"0.00"|"0.00"|"0.00"|"0.00"|"0.00"|"0.00"|"0.00"|"0.00"|"0.00"|"0.00"|"10847.43"|"2"|"1.9.1.1.01.0.1.0030"
"1.9.1.1.06.1.3.0002"|"Multas Adm. Por Danos Amb. DIV Ativa At. Monetaria"|"112.40"|"0.00"|"0.00"|"0.00"|"0.00"|"0.00"|"0.00"|"0.00"|"0.00"|"0.00"|"0.00"|"0.00"|"112.40"|"2"|"1.9.1.1.06.1.3.0002"
"1.9.1.1.06.1.4.0001"|"Multas Adm. Por Danos Amb. DIV Ativa Multa/juros"|"130.71"|"0.00"|"0.00"|"0.00"|"0.00"|"0.00"|"0.00"|"0.00"|"0.00"|"0.00"|"0.00"|"0.00"|"130.71"|"2"|"1.9.1.1.06.1.4.0001"
"1.9.1.1.06.1.3.0001"|"Multas Adm. Por Danos Ambientais - DIV Ativa Princ"|"118.49"|"0.00"|"0.00"|"0.00"|"0.00"|"0.00"|"0.00"|"0.00"|"0.00"|"0.00"|"0.00"|"0.00"|"118.49"|"2"|"1.9.1.1.06.1.3.0001"
"1.9.1.1.06.1.1.0001"|"Multas Administrativas Por Danos Ambientais Princ."|"2863.39"|"0.00"|"0.00"|"0.00"|"0.00"|"0.00"|"0.00"|"0.00"|"0.00"|"0.00"|"0.00"|"0.00"|"2863.39"|"2"|"1.9.1.1.06.1.1.0001"
"1.9.1.1.01.0.1.0020"|"Multas Por Auto de Infracao"|"6434.08"|"0.00"|"0.00"|"0.00"|"0.00"|"0.00"|"0.00"|"0.00"|"0.00"|"0.00"|"0.00"|"0.00"|"6434.08"|"2"|"1.9.1.1.01.0.1.0020"
"1.9.1.1.01.0.2.0001"|"Multas Prev Legislacao Especifica - Multa/juros"|"1.28"|"0.00"|"0.00"|"0.00"|"0.00"|"0.00"|"0.00"|"0.00"|"0.00"|"0.00"|"0.00"|"0.00"|"1.28"|"2"|"1.9.1.1.01.0.2.0001"
"1.9.1.1.01.0.3.0002"|"Multas Prev Legislacao Especifica D.a. At Monet."|"37570.96"|"0.00"|"0.00"|"0.00"|"0.00"|"0.00"|"0.00"|"0.00"|"0.00"|"0.00"|"0.00"|"0.00"|"37570.96"|"2"|"1.9.1.1.01.0.3.0002"
"1.9.1.1.01.0.4.0001"|"Multas Prev Legislacao Especifica D.a. Multa/juros"|"42896.56"|"0.00"|"0.00"|"0.00"|"0.00"|"0.00"|"0.00"|"0.00"|"0.00"|"0.00"|"0.00"|"0.00"|"42896.56"|"2"|"1.9.1.1.01.0.4.0001"
"1.9.1.1.01.0.3.0001"|"Multas Prev Legislacao Especifica D.a. Principal"|"82231.81"|"0.00"|"0.00"|"0.00"|"0.00"|"0.00"|"0.00"|"0.00"|"0.00"|"0.00"|"0.00"|"0.00"|"82231.81"|"2"|"1.9.1.1.01.0.3.0001"
"1.9.1.1.01.0.1.0010"|"Multas Previstas na Legislacao de Transito"|"2231144.27"|"0.00"|"0.00"|"0.00"|"0.00"|"0.00"|"0.00"|"0.00"|"0.00"|"0.00"|"0.00"|"0.00"|"2231144.27"|"2"|"1.9.1.1.01.0.1.0010"
"1.9.9.9.99.2.4.0001"|"Multas/juros de Mora DIV Ativa Nao Trib Fumdicad"|"126.98"|"0.00"|"0.00"|"0.00"|"0.00"|"0.00"|"0.00"|"0.00"|"0.00"|"0.00"|"0.00"|"0.00"|"126.98"|"2"|"1.9.9.9.99.2.4.0001"
"1.9.9.9.99.2.4.0010"|"Multas/juros de Mora DIV Ativa Nao Trib Fumdicad"|"0.00"|"0.00"|"0.00"|"0.00"|"0.00"|"0.00"|"0.00"|"0.00"|"0.00"|"0.00"|"0.00"|"0.00"|"0.00"|"2"|"1.9.9.9.99.2.4.0010"
"1.9.9.9.99.2.4.0990"|"Multas/juros de Mora DIV Ativa Nao Trib Outras Rec"|"206.30"|"0.00"|"0.00"|"0.00"|"0.00"|"0.00"|"0.00"|"0.00"|"0.00"|"0.00"|"0.00"|"0.00"|"206.30"|"2"|"1.9.9.9.99.2.4.0990"
"1.3.3.9.99.0.1.0001"|"Outorga P/ Utilizacao do Posto de Monta"|"423000.00"|"0.00"|"0.00"|"0.00"|"0.00"|"0.00"|"0.00"|"0.00"|"0.00"|"0.00"|"0.00"|"0.00"|"423000.00"|"2"|"1.3.3.9.99.0.1.0001"
"1.3.3.9.99.0.3.0002"|"Outras Delegacoes Servicos Publ DIV Ativa At Monet"|"4595.54"|"0.00"|"0.00"|"0.00"|"0.00"|"0.00"|"0.00"|"0.00"|"0.00"|"0.00"|"0.00"|"0.00"|"4595.54"|"2"|"1.3.3.9.99.0.3.0002"
"1.3.3.9.99.0.4.0001"|"Outras Delegacoes Servicos Publicos DIV Ativa M/j"|"4818.21"|"0.00"|"0.00"|"0.00"|"0.00"|"0.00"|"0.00"|"0.00"|"0.00"|"0.00"|"0.00"|"0.00"|"4818.21"|"2"|"1.3.3.9.99.0.4.0001"
"1.3.3.9.99.0.3.0001"|"Outras Delegacoes Servicos Publicos DIV Ativa Prin"|"33535.68"|"0.00"|"0.00"|"0.00"|"0.00"|"0.00"|"0.00"|"0.00"|"0.00"|"0.00"|"0.00"|"0.00"|"33535.68"|"2"|"1.3.3.9.99.0.3.0001"
"1.3.3.9.99.0.2.0001"|"Outras Delegacoes Servicos Publicos Multas/juros"|"99.53"|"0.00"|"0.00"|"0.00"|"0.00"|"0.00"|"0.00"|"0.00"|"0.00"|"0.00"|"0.00"|"0.00"|"99.53"|"2"|"1.3.3.9.99.0.2.0001"
"1.9.9.9.99.2.1.0010"|"Outras Receitas"|"82149.67"|"0.00"|"0.00"|"0.00"|"0.00"|"0.00"|"0.00"|"0.00"|"0.00"|"0.00"|"0.00"|"0.00"|"82149.67"|"2"|"1.9.9.9.99.2.1.0010"
"1.9.2.2.99.0.1.0001"|"Outras Restituicoes - Principal"|"115978.78"|"0.00"|"0.00"|"0.00"|"0.00"|"0.00"|"0.00"|"0.00"|"0.00"|"0.00"|"0.00"|"0.00"|"115978.78"|"2"|"1.9.2.2.99.0.1.0001"
"1.7.2.3.50.0.1.0020"|"Programa de Dispensacao de Insumos para Diabetes"|"21083.50"|"0.00"|"0.00"|"0.00"|"0.00"|"0.00"|"0.00"|"0.00"|"0.00"|"0.00"|"0.00"|"0.00"|"21083.50"|"2"|"1.7.2.3.50.0.1.0020"
"1.9.9.9.99.2.3.0001"|"Receita da DIV Ativ Nao Trib do Fumdicad Principal"|"167.92"|"0.00"|"0.00"|"0.00"|"0.00"|"0.00"|"0.00"|"0.00"|"0.00"|"0.00"|"0.00"|"0.00"|"167.92"|"2"|"1.9.9.9.99.2.3.0001"
"1.9.9.9.99.2.3.0010"|"Receita da DIV Ativ Nao Trib do Fumdicad Principal"|"0.00"|"0.00"|"0.00"|"0.00"|"0.00"|"0.00"|"0.00"|"0.00"|"0.00"|"0.00"|"0.00"|"0.00"|"0.00"|"2"|"1.9.9.9.99.2.3.0010"
"1.9.9.9.99.2.3.0990"|"Receita da DIV Ativ Nao Trib Outras Receitas Princ"|"1221.94"|"0.00"|"0.00"|"0.00"|"0.00"|"0.00"|"0.00"|"0.00"|"0.00"|"0.00"|"0.00"|"0.00"|"1221.94"|"2"|"1.9.9.9.99.2.3.0990"
"1.3.2.1.01.0.1.0021"|"Remun. Dep Banc de Recursos Vinc - Fundeb"|"45001.85"|"0.00"|"0.00"|"0.00"|"0.00"|"0.00"|"0.00"|"0.00"|"0.00"|"0.00"|"0.00"|"0.00"|"45001.85"|"2"|"1.3.2.1.01.0.1.0021"
"1.3.2.1.01.0.1.0011"|"Remun. Dep Banc de Recursos Vinc - Royalties"|"17327.12"|"0.00"|"0.00"|"0.00"|"0.00"|"0.00"|"0.00"|"0.00"|"0.00"|"0.00"|"0.00"|"0.00"|"17327.12"|"2"|"1.3.2.1.01.0.1.0011"
"1.3.2.1.01.0.1.0106"|"Remun. Dep Banc Outros Recursos Vinculados Fr 01"|"114926.19"|"0.00"|"0.00"|"0.00"|"0.00"|"0.00"|"0.00"|"0.00"|"0.00"|"0.00"|"0.00"|"0.00"|"114926.19"|"2"|"1.3.2.1.01.0.1.0106"
"1.3.2.1.01.0.1.0107"|"Remun. Dep Banc Outros Recursos Vinculados Fr 02"|"40174.47"|"0.00"|"0.00"|"0.00"|"0.00"|"0.00"|"0.00"|"0.00"|"0.00"|"0.00"|"0.00"|"0.00"|"40174.47"|"2"|"1.3.2.1.01.0.1.0107"
"1.3.2.1.01.0.1.0108"|"Remun. Dep Banc Outros Recursos Vinculados Fr 03"|"359042.61"|"0.00"|"0.00"|"0.00"|"0.00"|"0.00"|"0.00"|"0.00"|"0.00"|"0.00"|"0.00"|"0.00"|"359042.61"|"2"|"1.3.2.1.01.0.1.0108"
"1.3.2.1.01.0.1.0109"|"Remun. Dep Banc Outros Recursos Vinculados Fr 05"|"12897.39"|"0.00"|"0.00"|"0.00"|"0.00"|"0.00"|"0.00"|"0.00"|"0.00"|"0.00"|"0.00"|"0.00"|"12897.39"|"2"|"1.3.2.1.01.0.1.0109"
"1.3.2.1.01.0.1.0110"|"Remun. Dep Banc Outros Recursos Vinculados Fr 07"|"14.43"|"0.00"|"0.00"|"0.00"|"0.00"|"0.00"|"0.00"|"0.00"|"0.00"|"0.00"|"0.00"|"0.00"|"14.43"|"2"|"1.3.2.1.01.0.1.0110"
"1.3.2.1.01.0.1.0044"|"Remun. Dep Banc R Vinc Manut./des do Ensino Fr 01"|"22807.71"|"0.00"|"0.00"|"0.00"|"0.00"|"0.00"|"0.00"|"0.00"|"0.00"|"0.00"|"0.00"|"0.00"|"22807.71"|"2"|"1.3.2.1.01.0.1.0044"
"1.3.2.1.01.0.1.0045"|"Remun. Dep Banc R Vinc Manut./des do Ensino Fr 02"|"122689.06"|"0.00"|"0.00"|"0.00"|"0.00"|"0.00"|"0.00"|"0.00"|"0.00"|"0.00"|"0.00"|"0.00"|"122689.06"|"2"|"1.3.2.1.01.0.1.0045"
"1.3.2.1.01.0.1.0046"|"Remun. Dep Banc R Vinc Manut./des do Ensino Fr 05"|"126527.54"|"0.00"|"0.00"|"0.00"|"0.00"|"0.00"|"0.00"|"0.00"|"0.00"|"0.00"|"0.00"|"0.00"|"126527.54"|"2"|"1.3.2.1.01.0.1.0046"
"1.3.2.1.01.0.1.0035"|"Remun. Dep Banc Rec Vinc Fundo Saude Fr 01"|"39898.82"|"0.00"|"0.00"|"0.00"|"0.00"|"0.00"|"0.00"|"0.00"|"0.00"|"0.00"|"0.00"|"0.00"|"39898.82"|"2"|"1.3.2.1.01.0.1.0035"
"1.3.2.1.01.0.1.0036"|"Remun. Dep Banc Rec Vinc Fundo Saude Fr 02"|"21595.92"|"0.00"|"0.00"|"0.00"|"0.00"|"0.00"|"0.00"|"0.00"|"0.00"|"0.00"|"0.00"|"0.00"|"21595.92"|"2"|"1.3.2.1.01.0.1.0036"
"1.3.2.1.01.0.1.0037"|"Remun. Dep Banc Rec Vinc Fundo Saude Fr 05 Custeio"|"91739.11"|"0.00"|"0.00"|"0.00"|"0.00"|"0.00"|"0.00"|"0.00"|"0.00"|"0.00"|"0.00"|"0.00"|"91739.11"|"2"|"1.3.2.1.01.0.1.0037"
"1.3.2.1.01.0.1.0038"|"Remun. Dep Banc Rec Vinc Fundo Saude Fr 05 Invest."|"22165.70"|"0.00"|"0.00"|"0.00"|"0.00"|"0.00"|"0.00"|"0.00"|"0.00"|"0.00"|"0.00"|"0.00"|"22165.70"|"2"|"1.3.2.1.01.0.1.0038"
"1.3.2.1.01.0.1.0039"|"Remun. Dep Banc Rec Vinc Fundo Saude Fr 06"|"3806.02"|"0.00"|"0.00"|"0.00"|"0.00"|"0.00"|"0.00"|"0.00"|"0.00"|"0.00"|"0.00"|"0.00"|"3806.02"|"2"|"1.3.2.1.01.0.1.0039"
"1.3.2.1.01.0.1.0084"|"Remun. Dep Bancarios Recurso Vinculado Fnas Fr 01"|"60882.69"|"0.00"|"0.00"|"0.00"|"0.00"|"0.00"|"0.00"|"0.00"|"0.00"|"0.00"|"0.00"|"0.00"|"60882.69"|"2"|"1.3.2.1.01.0.1.0084"
"1.3.2.1.01.0.1.0085"|"Remun. Dep Bancarios Recurso Vinculado Fnas Fr 02"|"4582.85"|"0.00"|"0.00"|"0.00"|"0.00"|"0.00"|"0.00"|"0.00"|"0.00"|"0.00"|"0.00"|"0.00"|"4582.85"|"2"|"1.3.2.1.01.0.1.0085"
"1.3.2.1.01.0.1.0086"|"Remun. Dep Bancarios Recurso Vinculado Fnas Fr 05"|"7863.08"|"0.00"|"0.00"|"0.00"|"0.00"|"0.00"|"0.00"|"0.00"|"0.00"|"0.00"|"0.00"|"0.00"|"7863.08"|"2"|"1.3.2.1.01.0.1.0086"
"1.3.2.1.01.0.1.0050"|"Remun. Dep Bancarios Recursos Vinculados - Cide"|"1821.07"|"0.00"|"0.00"|"0.00"|"0.00"|"0.00"|"0.00"|"0.00"|"0.00"|"0.00"|"0.00"|"0.00"|"1821.07"|"2"|"1.3.2.1.01.0.1.0050"
"1.3.2.1.01.0.1.0012"|"Remun. Depositos Bancarios - Alienacao de Bens"|"38052.63"|"0.00"|"0.00"|"0.00"|"0.00"|"0.00"|"0.00"|"0.00"|"0.00"|"0.00"|"0.00"|"0.00"|"38052.63"|"2"|"1.3.2.1.01.0.1.0012"
"1.3.2.1.01.0.1.0013"|"Remun. Depositos Bancarios - Transito"|"183629.93"|"0.00"|"0.00"|"0.00"|"0.00"|"0.00"|"0.00"|"0.00"|"0.00"|"0.00"|"0.00"|"0.00"|"183629.93"|"2"|"1.3.2.1.01.0.1.0013"
"1.3.2.1.01.0.1.0991"|"Remun. Outros Depositos Recursos Nao Vinculados"|"1059084.99"|"0.00"|"0.00"|"0.00"|"0.00"|"0.00"|"0.00"|"0.00"|"0.00"|"0.00"|"0.00"|"0.00"|"1059084.99"|"2"|"1.3.2.1.01.0.1.0991"
"1.9.2.2.99.0.1.0003"|"Restituicao de Vale Alimentacao na Folha de Pgto"|"152400.00"|"0.00"|"0.00"|"0.00"|"0.00"|"0.00"|"0.00"|"0.00"|"0.00"|"0.00"|"0.00"|"0.00"|"152400.00"|"2"|"1.9.2.2.99.0.1.0003"
"1.7.1.2.52.1.1.0001"|"Royalties da Anp Prod. Petroleo - Lei N. 7990/89"|"420788.16"|"0.00"|"0.00"|"0.00"|"0.00"|"0.00"|"0.00"|"0.00"|"0.00"|"0.00"|"0.00"|"0.00"|"420788.16"|"2"|"1.7.1.2.52.1.1.0001"
"1.7.1.2.52.2.1.0002"|"Royalties da Anp Prod. Petroleo - Lei N. 9478/97"|"2493.47"|"0.00"|"0.00"|"0.00"|"0.00"|"0.00"|"0.00"|"0.00"|"0.00"|"0.00"|"0.00"|"0.00"|"2493.47"|"2"|"1.7.1.2.52.2.1.0002"
"1.7.1.2.52.1.1.0002"|"Royalties do Petroleo - Lei N. 7990/89 - Educacao"|"119926.69"|"0.00"|"0.00"|"0.00"|"0.00"|"0.00"|"0.00"|"0.00"|"0.00"|"0.00"|"0.00"|"0.00"|"119926.69"|"2"|"1.7.1.2.52.1.1.0002"
"1.7.1.2.52.1.1.0003"|"Royalties do Petroleo - Lei N. 7990/89 - Saude"|"39975.56"|"0.00"|"0.00"|"0.00"|"0.00"|"0.00"|"0.00"|"0.00"|"0.00"|"0.00"|"0.00"|"0.00"|"39975.56"|"2"|"1.7.1.2.52.1.1.0003"
"1.7.1.2.52.2.1.0003"|"Royalties do Petroleo - Lei N. 9478/97 - Educacao"|"1468.81"|"0.00"|"0.00"|"0.00"|"0.00"|"0.00"|"0.00"|"0.00"|"0.00"|"0.00"|"0.00"|"0.00"|"1468.81"|"2"|"1.7.1.2.52.2.1.0003"
"1.7.1.2.52.2.1.0004"|"Royalties do Petroleo - Lei N. 9478/97 - Saude"|"489.60"|"0.00"|"0.00"|"0.00"|"0.00"|"0.00"|"0.00"|"0.00"|"0.00"|"0.00"|"0.00"|"0.00"|"489.60"|"2"|"1.7.1.2.52.2.1.0004"
"1.7.2.2.52.0.1.0001"|"Royalties-comp.finp/prod.petro-l7990/89 Cota Mun."|"30171.41"|"0.00"|"0.00"|"0.00"|"0.00"|"0.00"|"0.00"|"0.00"|"0.00"|"0.00"|"0.00"|"0.00"|"30171.41"|"2"|"1.7.2.2.52.0.1.0001"
"1.7.3.9.50.0.1.0010"|"Samu Regional"|"105588.61"|"0.00"|"0.00"|"0.00"|"0.00"|"0.00"|"0.00"|"0.00"|"0.00"|"0.00"|"0.00"|"0.00"|"105588.61"|"2"|"1.7.3.9.50.0.1.0010"
"1.1.2.2.01.0.1.0060"|"Servicos Administrativos"|"500.97"|"0.00"|"0.00"|"0.00"|"0.00"|"0.00"|"0.00"|"0.00"|"0.00"|"0.00"|"0.00"|"0.00"|"500.97"|"2"|"1.1.2.2.01.0.1.0060"
"1.1.2.2.01.0.1.0050"|"Servicos Agropecuarios - Patrulha Agricola"|"3511.23"|"0.00"|"0.00"|"0.00"|"0.00"|"0.00"|"0.00"|"0.00"|"0.00"|"0.00"|"0.00"|"0.00"|"3511.23"|"2"|"1.1.2.2.01.0.1.0050"
"1.1.2.2.01.0.1.0070"|"Servicos Diversos de Preco Publico"|"49085.55"|"0.00"|"0.00"|"0.00"|"0.00"|"0.00"|"0.00"|"0.00"|"0.00"|"0.00"|"0.00"|"0.00"|"49085.55"|"2"|"1.1.2.2.01.0.1.0070"
"1.1.2.1.01.0.1.0050"|"Taxa de Aprovacao de Projeto de Construcao CIVIL"|"6812.70"|"0.00"|"0.00"|"0.00"|"0.00"|"0.00"|"0.00"|"0.00"|"0.00"|"0.00"|"0.00"|"0.00"|"6812.70"|"2"|"1.1.2.1.01.0.1.0050"
"1.1.2.2.01.0.1.0040"|"Taxa de Cemiterio"|"39710.81"|"0.00"|"0.00"|"0.00"|"0.00"|"0.00"|"0.00"|"0.00"|"0.00"|"0.00"|"0.00"|"0.00"|"39710.81"|"2"|"1.1.2.2.01.0.1.0040"
"1.1.2.2.01.0.1.0020"|"Taxa de Habite-se"|"46457.50"|"0.00"|"0.00"|"0.00"|"0.00"|"0.00"|"0.00"|"0.00"|"0.00"|"0.00"|"0.00"|"0.00"|"46457.50"|"2"|"1.1.2.2.01.0.1.0020"
"1.1.2.1.01.0.1.0030"|"Taxa de Licenca para Execucao de Obras"|"73115.74"|"0.00"|"0.00"|"0.00"|"0.00"|"0.00"|"0.00"|"0.00"|"0.00"|"0.00"|"0.00"|"0.00"|"73115.74"|"2"|"1.1.2.1.01.0.1.0030"
"1.1.2.2.01.0.1.0010"|"Taxa de Limpeza Publica"|"0.00"|"0.00"|"0.00"|"0.00"|"0.00"|"0.00"|"0.00"|"0.00"|"0.00"|"0.00"|"0.00"|"0.00"|"0.00"|"2"|"1.1.2.2.01.0.1.0010"
"1.1.2.1.01.0.1.0040"|"Taxa de Utilizacao de Area de Dominio Publico"|"3332.53"|"0.00"|"0.00"|"0.00"|"0.00"|"0.00"|"0.00"|"0.00"|"0.00"|"0.00"|"0.00"|"0.00"|"3332.53"|"2"|"1.1.2.1.01.0.1.0040"
"1.1.2.1.50.0.3.0002"|"Taxa Fisc. Vig. Sanitaria - DIV Ativa At Monetaria"|"0.00"|"0.00"|"0.00"|"0.00"|"0.00"|"0.00"|"0.00"|"0.00"|"0.00"|"0.00"|"0.00"|"0.00"|"0.00"|"2"|"1.1.2.1.50.0.3.0002"
"1.1.2.1.50.0.3.0004"|"Taxa Fisc. Vig. Sanitaria - DIV Ativa At Monetaria"|"1573.29"|"0.00"|"0.00"|"0.00"|"0.00"|"0.00"|"0.00"|"0.00"|"0.00"|"0.00"|"0.00"|"0.00"|"1573.29"|"2"|"1.1.2.1.50.0.3.0004"
"1.1.2.1.50.0.4.0001"|"Taxa Fisc. Vig. Sanitaria - DIV Ativa Multa/juros"|"0.00"|"0.00"|"0.00"|"0.00"|"0.00"|"0.00"|"0.00"|"0.00"|"0.00"|"0.00"|"0.00"|"0.00"|"0.00"|"2"|"1.1.2.1.50.0.4.0001"
"1.1.2.1.50.0.4.0002"|"Taxa Fisc. Vig. Sanitaria - DIV Ativa Multa/juros"|"1448.96"|"0.00"|"0.00"|"0.00"|"0.00"|"0.00"|"0.00"|"0.00"|"0.00"|"0.00"|"0.00"|"0.00"|"1448.96"|"2"|"1.1.2.1.50.0.4.0002"
"1.1.2.1.50.0.3.0001"|"Taxa Fisc. Vig. Sanitaria - DIV Ativa Principal"|"0.00"|"0.00"|"0.00"|"0.00"|"0.00"|"0.00"|"0.00"|"0.00"|"0.00"|"0.00"|"0.00"|"0.00"|"0.00"|"2"|"1.1.2.1.50.0.3.0001"
"1.1.2.1.50.0.3.0003"|"Taxa Fisc. Vig. Sanitaria - DIV Ativa Principal"|"8494.17"|"0.00"|"0.00"|"0.00"|"0.00"|"0.00"|"0.00"|"0.00"|"0.00"|"0.00"|"0.00"|"0.00"|"8494.17"|"2"|"1.1.2.1.50.0.3.0003"
"1.1.2.1.50.0.2.0001"|"Taxa Fiscalizacao Vig. Sanitaria - Multas e Juros"|"0.00"|"0.00"|"0.00"|"0.00"|"0.00"|"0.00"|"0.00"|"0.00"|"0.00"|"0.00"|"0.00"|"0.00"|"0.00"|"2"|"1.1.2.1.50.0.2.0001"
"1.1.2.1.50.0.2.0002"|"Taxa Fiscalizacao Vig. Sanitaria - Multas e Juros"|"54.88"|"0.00"|"0.00"|"0.00"|"0.00"|"0.00"|"0.00"|"0.00"|"0.00"|"0.00"|"0.00"|"0.00"|"54.88"|"2"|"1.1.2.1.50.0.2.0002"
"1.1.2.1.50.0.1.0001"|"Taxa Fiscalizacao Vig. Sanitaria - Principal"|"0.00"|"0.00"|"0.00"|"0.00"|"0.00"|"0.00"|"0.00"|"0.00"|"0.00"|"0.00"|"0.00"|"0.00"|"0.00"|"2"|"1.1.2.1.50.0.1.0001"
"1.1.2.1.50.0.1.0002"|"Taxa Fiscalizacao Vig. Sanitaria - Principal"|"38845.39"|"0.00"|"0.00"|"0.00"|"0.00"|"0.00"|"0.00"|"0.00"|"0.00"|"0.00"|"0.00"|"0.00"|"38845.39"|"2"|"1.1.2.1.50.0.1.0002"
"1.1.2.1.01.0.1.0010"|"Taxa Funcionamento - Comercio, Ind e Prest Servico"|"11003.46"|"0.00"|"0.00"|"0.00"|"0.00"|"0.00"|"0.00"|"0.00"|"0.00"|"0.00"|"0.00"|"0.00"|"11003.46"|"2"|"1.1.2.1.01.0.1.0010"
"1.1.2.1.01.0.3.0002"|"Taxa Inspecao, Contr e Fiscaliz D.a. At Monetaria"|"81641.00"|"0.00"|"0.00"|"0.00"|"0.00"|"0.00"|"0.00"|"0.00"|"0.00"|"0.00"|"0.00"|"0.00"|"81641.00"|"2"|"1.1.2.1.01.0.3.0002"
"1.1.2.1.01.0.4.0001"|"Taxa Inspecao, Contr e Fiscaliz D.a. Multa/juros"|"84614.11"|"0.00"|"0.00"|"0.00"|"0.00"|"0.00"|"0.00"|"0.00"|"0.00"|"0.00"|"0.00"|"0.00"|"84614.11"|"2"|"1.1.2.1.01.0.4.0001"
"1.1.2.1.01.0.3.0001"|"Taxa Inspecao, Controle e Fiscalizacao D.a. Princ."|"253048.30"|"0.00"|"0.00"|"0.00"|"0.00"|"0.00"|"0.00"|"0.00"|"0.00"|"0.00"|"0.00"|"0.00"|"253048.30"|"2"|"1.1.2.1.01.0.3.0001"
"1.1.2.1.01.0.2.0001"|"Taxa Inspecao, Controle e Fiscalizacao Multa/juros"|"567.63"|"0.00"|"0.00"|"0.00"|"0.00"|"0.00"|"0.00"|"0.00"|"0.00"|"0.00"|"0.00"|"0.00"|"567.63"|"2"|"1.1.2.1.01.0.2.0001"
"1.1.2.2.53.0.1.0001"|"Taxa Limpeza Publica Man Res Solidos-principal"|"1355737.54"|"0.00"|"0.00"|"0.00"|"0.00"|"0.00"|"0.00"|"0.00"|"0.00"|"0.00"|"0.00"|"0.00"|"1355737.54"|"2"|"1.1.2.2.53.0.1.0001"
"1.1.2.2.01.0.3.0002"|"Taxa Prest de Servicos Geral - DIV At At Monetaria"|"47397.80"|"0.00"|"0.00"|"0.00"|"0.00"|"0.00"|"0.00"|"0.00"|"0.00"|"0.00"|"0.00"|"0.00"|"47397.80"|"2"|"1.1.2.2.01.0.3.0002"
"1.1.2.2.01.0.4.0001"|"Taxa Prest de Servicos Geral - DIV At Multas/juros"|"53634.57"|"0.00"|"0.00"|"0.00"|"0.00"|"0.00"|"0.00"|"0.00"|"0.00"|"0.00"|"0.00"|"0.00"|"53634.57"|"2"|"1.1.2.2.01.0.4.0001"
"1.1.2.2.01.0.3.0001"|"Taxa Prest de Servicos Geral - Divida Ativa Princ."|"281480.49"|"0.00"|"0.00"|"0.00"|"0.00"|"0.00"|"0.00"|"0.00"|"0.00"|"0.00"|"0.00"|"0.00"|"281480.49"|"2"|"1.1.2.2.01.0.3.0001"
"1.1.2.2.01.0.2.0001"|"Taxa Prest de Servicos Geral - Multas e Juros"|"1929.92"|"0.00"|"0.00"|"0.00"|"0.00"|"0.00"|"0.00"|"0.00"|"0.00"|"0.00"|"0.00"|"0.00"|"1929.92"|"2"|"1.1.2.2.01.0.2.0001"
"1.7.1.3.50.2.1.0002"|"Transf Recursos do Sus - Media e Alta Complexidade"|"1499722.14"|"0.00"|"0.00"|"0.00"|"0.00"|"0.00"|"0.00"|"0.00"|"0.00"|"0.00"|"0.00"|"0.00"|"1499722.14"|"2"|"1.7.1.3.50.2.1.0002"
"1.7.1.5.52.0.1.0001"|"Transf. Recursos Compl. da Uniao ao Fundeb - Vaar"|"309017.01"|"0.00"|"0.00"|"0.00"|"0.00"|"0.00"|"0.00"|"0.00"|"0.00"|"0.00"|"0.00"|"0.00"|"309017.01"|"2"|"1.7.1.5.52.0.1.0001"
"1.7.1.3.50.1.1.0002"|"Transferencia de Recursos do Sus - Atencao Basica"|"1532229.46"|"0.00"|"0.00"|"0.00"|"0.00"|"0.00"|"0.00"|"0.00"|"0.00"|"0.00"|"0.00"|"0.00"|"1532229.46"|"2"|"1.7.1.3.50.1.1.0002"
"1.7.1.9.58.0.1.0001"|"Transferencia Obrigatoria - Lei Compl. 176/2020"|"39583.94"|"0.00"|"0.00"|"0.00"|"0.00"|"0.00"|"0.00"|"0.00"|"0.00"|"0.00"|"0.00"|"0.00"|"39583.94"|"2"|"1.7.1.9.58.0.1.0001"
"1.7.1.3.50.4.1.0002"|"Transferencia Recursos Sus - Assist. Farmaceutica"|"54114.32"|"0.00"|"0.00"|"0.00"|"0.00"|"0.00"|"0.00"|"0.00"|"0.00"|"0.00"|"0.00"|"0.00"|"54114.32"|"2"|"1.7.1.3.50.4.1.0002"
"1.7.1.3.50.3.1.0002"|"Transferencia Recursos Sus - Vigilancia em Saude"|"44726.48"|"0.00"|"0.00"|"0.00"|"0.00"|"0.00"|"0.00"|"0.00"|"0.00"|"0.00"|"0.00"|"0.00"|"44726.48"|"2"|"1.7.1.3.50.3.1.0002"
"1.7.5.1.50.0.1.0001"|"Transferencias de Recursos do Fundeb - Principal"|"13967429.12"|"0.00"|"0.00"|"0.00"|"0.00"|"0.00"|"0.00"|"0.00"|"0.00"|"0.00"|"0.00"|"0.00"|"13967429.12"|"2"|"1.7.5.1.50.0.1.0001"
"1.7.1.4.50.0.1.0001"|"Transferencias do Salario-educacao - Principal"|"2282896.00"|"0.00"|"0.00"|"0.00"|"0.00"|"0.00"|"0.00"|"0.00"|"0.00"|"0.00"|"0.00"|"0.00"|"2282896.00"|"2"|"1.7.1.4.50.0.1.0001"
"1.9.9.9.99.2.1.0080"|"Zona Azul"|"160000.00"|"0.00"|"0.00"|"0.00"|"0.00"|"0.00"|"0.00"|"0.00"|"0.00"|"0.00"|"0.00"|"0.00"|"160000.00"|"2"|"1.9.9.9.99.2.1.0080"

